{"state":[{"state_id":"1","state_name":"Andaman and Nicobar Island (UT)","districts":[{"district_id":"1","district_name":"North and Middle Andama","state_id":"1"},{"district_id":"2","district_name":"South Andama","state_id":"1"},{"district_id":"3","district_name":"Nicobar","state_id":"1"}]},{"state_id":"2","state_name":"Andhra Pradesh","districts":[{"district_id":"4","district_name":"Anantapur","state_id":"2"},{"district_id":"5","district_name":"Chittoor","state_id":"2"},{"district_id":"6","district_name":"East Godavari","state_id":"2"},{"district_id":"7","district_name":"Guntur","state_id":"2"},{"district_id":"8","district_name":"Krishna","state_id":"2"},{"district_id":"9","district_name":"Kurnool","state_id":"2"},{"district_id":"10","district_name":"Prakasam","state_id":"2"},{"district_id":"11","district_name":"Srikakulam","state_id":"2"},{"district_id":"12","district_name":"Sri Potti Sri Ramulu Nellore","state_id":"2"},{"district_id":"13","district_name":"Vishakhapatnam","state_id":"2"},{"district_id":"14","district_name":"Vizianagaram","state_id":"2"},{"district_id":"15","district_name":"West Godavari","state_id":"2"},{"district_id":"16","district_name":"Cudappah","state_id":"2"}]},{"state_id":"3","state_name":"Arunachal Pradesh","districts":[{"district_id":"17","district_name":"Anjaw","state_id":"3"},{"district_id":"18","district_name":"Changlang","state_id":"3"},{"district_id":"19","district_name":"East Siang","state_id":"3"},{"district_id":"20","district_name":"East Kameng","state_id":"3"},{"district_id":"21","district_name":"Kurung Kumey","state_id":"3"},{"district_id":"22","district_name":"Lohit","state_id":"3"},{"district_id":"23","district_name":"Lower Dibang Valley","state_id":"3"},{"district_id":"24","district_name":"Lower Subansiri","state_id":"3"},{"district_id":"25","district_name":"Papum Pare","state_id":"3"},{"district_id":"26","district_name":"Tawang","state_id":"3"},{"district_id":"27","district_name":"Tirap","state_id":"3"},{"district_id":"28","district_name":"Dibang Valley","state_id":"3"},{"district_id":"29","district_name":"Upper Siang","state_id":"3"},{"district_id":"30","district_name":"Upper Subansiri","state_id":"3"},{"district_id":"31","district_name":"West Kameng","state_id":"3"},{"district_id":"32","district_name":"West Siang","state_id":"3"}]},{"state_id":"4","state_name":"Assam","districts":[{"district_id":"33","district_name":"Baksa","state_id":"4"},{"district_id":"34","district_name":"Barpeta","state_id":"4"},{"district_id":"35","district_name":"Bongaigao","state_id":"4"},{"district_id":"36","district_name":"Cachar","state_id":"4"},{"district_id":"37","district_name":"Chirang","state_id":"4"},{"district_id":"38","district_name":"Darrang","state_id":"4"},{"district_id":"39","district_name":"Dhemaji","state_id":"4"},{"district_id":"40","district_name":"Dima Hasao","state_id":"4"},{"district_id":"41","district_name":"Dhubri","state_id":"4"},{"district_id":"42","district_name":"Dibrugarh","state_id":"4"},{"district_id":"43","district_name":"Goalpara","state_id":"4"},{"district_id":"44","district_name":"Golaghat","state_id":"4"},{"district_id":"45","district_name":"Hailakandi","state_id":"4"},{"district_id":"46","district_name":"Jorhat","state_id":"4"},{"district_id":"47","district_name":"Kamrup","state_id":"4"},{"district_id":"48","district_name":"Kamrup Metropolita","state_id":"4"},{"district_id":"49","district_name":"Karbi Anglong","state_id":"4"},{"district_id":"50","district_name":"Karimganj","state_id":"4"},{"district_id":"51","district_name":"Kokrajhar","state_id":"4"},{"district_id":"52","district_name":"Lakhimpur","state_id":"4"},{"district_id":"53","district_name":"Morigao","state_id":"4"},{"district_id":"54","district_name":"Nagao","state_id":"4"},{"district_id":"55","district_name":"Nalbari","state_id":"4"},{"district_id":"56","district_name":"Sivasagar","state_id":"4"},{"district_id":"57","district_name":"Sonitpur","state_id":"4"},{"district_id":"58","district_name":"Tinsukia","state_id":"4"},{"district_id":"59","district_name":"Udalguri","state_id":"4"}]},{"state_id":"5","state_name":"Bihar","districts":[{"district_id":"60","district_name":"Araria","state_id":"5"},{"district_id":"61","district_name":"Arwal","state_id":"5"},{"district_id":"62","district_name":"Aurangabad","state_id":"5"},{"district_id":"63","district_name":"Banka","state_id":"5"},{"district_id":"64","district_name":"Begusarai","state_id":"5"},{"district_id":"65","district_name":"Bhagalpur","state_id":"5"},{"district_id":"66","district_name":"Bhojpur","state_id":"5"},{"district_id":"67","district_name":"Buxar","state_id":"5"},{"district_id":"68","district_name":"Darbhanga","state_id":"5"},{"district_id":"69","district_name":"East Champara","state_id":"5"},{"district_id":"70","district_name":"Gaya","state_id":"5"},{"district_id":"71","district_name":"Gopalganj","state_id":"5"},{"district_id":"72","district_name":"Jamui","state_id":"5"},{"district_id":"73","district_name":"Jehanabad","state_id":"5"},{"district_id":"74","district_name":"Kaimur","state_id":"5"},{"district_id":"75","district_name":"Katihar","state_id":"5"},{"district_id":"76","district_name":"Khagaria","state_id":"5"},{"district_id":"77","district_name":"Kishanganj","state_id":"5"},{"district_id":"78","district_name":"Lakhisarai","state_id":"5"},{"district_id":"79","district_name":"Madhepura","state_id":"5"},{"district_id":"80","district_name":"Madhubani","state_id":"5"},{"district_id":"81","district_name":"Munger","state_id":"5"},{"district_id":"82","district_name":"Muzaffarpur","state_id":"5"},{"district_id":"83","district_name":"Nalanda","state_id":"5"},{"district_id":"84","district_name":"Nawada","state_id":"5"},{"district_id":"85","district_name":"Patna","state_id":"5"},{"district_id":"86","district_name":"Purnia","state_id":"5"},{"district_id":"87","district_name":"Rohtas","state_id":"5"},{"district_id":"88","district_name":"Saharsa","state_id":"5"},{"district_id":"89","district_name":"Samastipur","state_id":"5"},{"district_id":"90","district_name":"Sara","state_id":"5"},{"district_id":"91","district_name":"Sheikhpura","state_id":"5"},{"district_id":"92","district_name":"Sheohar","state_id":"5"},{"district_id":"93","district_name":"Sitamarhi","state_id":"5"},{"district_id":"94","district_name":"Siwa","state_id":"5"},{"district_id":"95","district_name":"Supaul","state_id":"5"},{"district_id":"96","district_name":"Vaishali","state_id":"5"},{"district_id":"97","district_name":"West Champara","state_id":"5"}]},{"state_id":"6","state_name":"Chandigarh (UT)","districts":[{"district_id":"98","district_name":"Chandigarh","state_id":"6"}]},{"state_id":"7","state_name":"Chhattisgarh","districts":[{"district_id":"99","district_name":"Bastar","state_id":"7"},{"district_id":"100","district_name":"Bijapur","state_id":"7"},{"district_id":"101","district_name":"Bilaspur","state_id":"7"},{"district_id":"102","district_name":"Dantewada","state_id":"7"},{"district_id":"103","district_name":"Dhamtari","state_id":"7"},{"district_id":"104","district_name":"Durg","state_id":"7"},{"district_id":"105","district_name":"Jashpur","state_id":"7"},{"district_id":"106","district_name":"Janjgir-Champa","state_id":"7"},{"district_id":"107","district_name":"Korba","state_id":"7"},{"district_id":"108","district_name":"Koriya","state_id":"7"},{"district_id":"109","district_name":"Kanker","state_id":"7"},{"district_id":"110","district_name":"Kabirdham (formerly Kawardha);","state_id":"7"},{"district_id":"111","district_name":"Mahasamund","state_id":"7"},{"district_id":"112","district_name":"Narayanpur","state_id":"7"},{"district_id":"113","district_name":"Raigarh","state_id":"7"},{"district_id":"114","district_name":"Rajnandgao","state_id":"7"},{"district_id":"115","district_name":"Raipur","state_id":"7"},{"district_id":"116","district_name":"Surajpur","state_id":"7"}]},{"state_id":"8","state_name":"Dadra and Nagar Haveli (UT)","districts":[{"district_id":"117","district_name":"Dadra and Nagar Haveli","state_id":"8"}]},{"state_id":"9","state_name":"Daman and Diu (UT)","districts":[{"district_id":"118","district_name":"Dama","state_id":"9"},{"district_id":"119","district_name":"Diu","state_id":"9"}]},{"state_id":"10","state_name":"Delhi (NCT)","districts":[{"district_id":"120","district_name":"Central Delhi","state_id":"10"},{"district_id":"121","district_name":"East Delhi","state_id":"10"},{"district_id":"122","district_name":"New Delhi","state_id":"10"},{"district_id":"123","district_name":"North Delhi","state_id":"10"},{"district_id":"124","district_name":"North East Delhi","state_id":"10"},{"district_id":"125","district_name":"North West Delhi","state_id":"10"},{"district_id":"126","district_name":"South Delhi","state_id":"10"},{"district_id":"127","district_name":"South West Delhi","state_id":"10"},{"district_id":"128","district_name":"West Delhi","state_id":"10"}]},{"state_id":"11","state_name":"Goa","districts":[{"district_id":"129","district_name":"North Goa","state_id":"11"},{"district_id":"130","district_name":"South Goa","state_id":"11"}]},{"state_id":"12","state_name":"Gujarat","districts":[{"district_id":"131","district_name":"Ahmedabad","state_id":"12"},{"district_id":"132","district_name":"Amreli","state_id":"12"},{"district_id":"133","district_name":"Anand","state_id":"12"},{"district_id":"134","district_name":"Aravalli","state_id":"12"},{"district_id":"135","district_name":"Banaskantha","state_id":"12"},{"district_id":"136","district_name":"Bharuch","state_id":"12"},{"district_id":"137","district_name":"Bhavnagar","state_id":"12"},{"district_id":"138","district_name":"Dahod","state_id":"12"},{"district_id":"139","district_name":"Dang","state_id":"12"},{"district_id":"140","district_name":"Gandhinagar","state_id":"12"},{"district_id":"141","district_name":"Jamnagar","state_id":"12"},{"district_id":"142","district_name":"Junagadh","state_id":"12"},{"district_id":"143","district_name":"Kutch","state_id":"12"},{"district_id":"144","district_name":"Kheda","state_id":"12"},{"district_id":"145","district_name":"Mehsana","state_id":"12"},{"district_id":"146","district_name":"Narmada","state_id":"12"},{"district_id":"147","district_name":"Navsari","state_id":"12"},{"district_id":"148","district_name":"Pata","state_id":"12"},{"district_id":"149","district_name":"Panchmahal","state_id":"12"},{"district_id":"150","district_name":"Porbandar","state_id":"12"},{"district_id":"151","district_name":"Rajkot","state_id":"12"},{"district_id":"152","district_name":"Sabarkantha","state_id":"12"},{"district_id":"153","district_name":"Surendranagar","state_id":"12"},{"district_id":"154","district_name":"Surat","state_id":"12"},{"district_id":"155","district_name":"Tapi","state_id":"12"},{"district_id":"156","district_name":"Vadodara","state_id":"12"},{"district_id":"157","district_name":"Valsad","state_id":"12"}]},{"state_id":"13","state_name":"Haryana","districts":[{"district_id":"158","district_name":"Ambala","state_id":"13"},{"district_id":"159","district_name":"Bhiwani","state_id":"13"},{"district_id":"160","district_name":"Faridabad","state_id":"13"},{"district_id":"161","district_name":"Fatehabad","state_id":"13"},{"district_id":"162","district_name":"Gurgao","state_id":"13"},{"district_id":"163","district_name":"Hissar","state_id":"13"},{"district_id":"164","district_name":"Jhajjar","state_id":"13"},{"district_id":"165","district_name":"Jind","state_id":"13"},{"district_id":"166","district_name":"Karnal","state_id":"13"},{"district_id":"167","district_name":"Kaithal","state_id":"13"},{"district_id":"168","district_name":"Kurukshetra","state_id":"13"},{"district_id":"169","district_name":"Mahendragarh","state_id":"13"},{"district_id":"170","district_name":"Mewat","state_id":"13"},{"district_id":"171","district_name":"Palwal","state_id":"13"},{"district_id":"172","district_name":"Panchkula","state_id":"13"},{"district_id":"173","district_name":"Panipat","state_id":"13"},{"district_id":"174","district_name":"Rewari","state_id":"13"},{"district_id":"175","district_name":"Rohtak","state_id":"13"},{"district_id":"176","district_name":"Sirsa","state_id":"13"},{"district_id":"177","district_name":"Sonipat","state_id":"13"},{"district_id":"178","district_name":"Yamuna Nagar","state_id":"13"}]},{"state_id":"14","state_name":"Himachal Pradesh","districts":[{"district_id":"179","district_name":"Bilaspur","state_id":"14"},{"district_id":"180","district_name":"Chamba","state_id":"14"},{"district_id":"181","district_name":"Hamirpur","state_id":"14"},{"district_id":"182","district_name":"Kangra","state_id":"14"},{"district_id":"183","district_name":"Kinnaur","state_id":"14"},{"district_id":"184","district_name":"Kullu","state_id":"14"},{"district_id":"185","district_name":"Lahaul and Spiti","state_id":"14"},{"district_id":"186","district_name":"Mandi","state_id":"14"},{"district_id":"187","district_name":"Shimla","state_id":"14"},{"district_id":"188","district_name":"Sirmaur","state_id":"14"},{"district_id":"189","district_name":"Sola","state_id":"14"},{"district_id":"190","district_name":"Una","state_id":"14"}]},{"state_id":"15","state_name":"Jammu and Kashmir","districts":[{"district_id":"191","district_name":"Anantnag","state_id":"15"},{"district_id":"192","district_name":"Badgam","state_id":"15"},{"district_id":"193","district_name":"Bandipora","state_id":"15"},{"district_id":"194","district_name":"Baramulla","state_id":"15"},{"district_id":"195","district_name":"Doda","state_id":"15"},{"district_id":"196","district_name":"Ganderbal","state_id":"15"},{"district_id":"197","district_name":"Jammu","state_id":"15"},{"district_id":"198","district_name":"Kargil","state_id":"15"},{"district_id":"199","district_name":"Kathua","state_id":"15"},{"district_id":"200","district_name":"Kishtwar","state_id":"15"},{"district_id":"201","district_name":"Kupwara","state_id":"15"},{"district_id":"202","district_name":"Kulgam","state_id":"15"},{"district_id":"203","district_name":"Leh","state_id":"15"},{"district_id":"204","district_name":"Poonch","state_id":"15"},{"district_id":"205","district_name":"Pulwama","state_id":"15"},{"district_id":"206","district_name":"Rajouri","state_id":"15"},{"district_id":"207","district_name":"Ramba","state_id":"15"},{"district_id":"208","district_name":"Reasi","state_id":"15"},{"district_id":"209","district_name":"Samba","state_id":"15"},{"district_id":"210","district_name":"Shopia","state_id":"15"},{"district_id":"211","district_name":"Srinagar","state_id":"15"},{"district_id":"212","district_name":"Udhampur","state_id":"15"}]},{"state_id":"16","state_name":"Jharkhand","districts":[{"district_id":"213","district_name":"Bokaro","state_id":"16"},{"district_id":"214","district_name":"Chatra","state_id":"16"},{"district_id":"215","district_name":"Deoghar","state_id":"16"},{"district_id":"216","district_name":"Dhanbad","state_id":"16"},{"district_id":"217","district_name":"Dumka","state_id":"16"},{"district_id":"218","district_name":"East Singhbhum","state_id":"16"},{"district_id":"219","district_name":"Garhwa","state_id":"16"},{"district_id":"220","district_name":"Giridih","state_id":"16"},{"district_id":"221","district_name":"Godda","state_id":"16"},{"district_id":"222","district_name":"Gumla","state_id":"16"},{"district_id":"223","district_name":"Hazaribag","state_id":"16"},{"district_id":"224","district_name":"Jamtara","state_id":"16"},{"district_id":"225","district_name":"Khunti","state_id":"16"},{"district_id":"226","district_name":"Koderma","state_id":"16"},{"district_id":"227","district_name":"Latehar","state_id":"16"},{"district_id":"228","district_name":"Lohardaga","state_id":"16"},{"district_id":"229","district_name":"Pakur","state_id":"16"},{"district_id":"230","district_name":"Palamu","state_id":"16"},{"district_id":"231","district_name":"Ramgarh","state_id":"16"},{"district_id":"232","district_name":"Ranchi","state_id":"16"},{"district_id":"233","district_name":"Sahibganj","state_id":"16"},{"district_id":"234","district_name":"Seraikela Kharsawa","state_id":"16"},{"district_id":"235","district_name":"Simdega","state_id":"16"},{"district_id":"236","district_name":"West Singhbhum","state_id":"16"}]},{"state_id":"17","state_name":"Karnataka","districts":[{"district_id":"237","district_name":"Bagalkot","state_id":"17"},{"district_id":"238","district_name":"Bangalore Rural","state_id":"17"},{"district_id":"239","district_name":"Bangalore Urba","state_id":"17"},{"district_id":"240","district_name":"Belgaum","state_id":"17"},{"district_id":"241","district_name":"Bellary","state_id":"17"},{"district_id":"242","district_name":"Bidar","state_id":"17"},{"district_id":"243","district_name":"Bijapur","state_id":"17"},{"district_id":"244","district_name":"Chamarajnagar","state_id":"17"},{"district_id":"245","district_name":"Chikkamagaluru","state_id":"17"},{"district_id":"246","district_name":"Chikkaballapur","state_id":"17"},{"district_id":"247","district_name":"Chitradurga","state_id":"17"},{"district_id":"248","district_name":"Davanagere","state_id":"17"},{"district_id":"249","district_name":"Dharwad","state_id":"17"},{"district_id":"250","district_name":"Dakshina Kannada","state_id":"17"},{"district_id":"251","district_name":"Gadag","state_id":"17"},{"district_id":"252","district_name":"Gulbarga","state_id":"17"},{"district_id":"253","district_name":"Hassa","state_id":"17"},{"district_id":"254","district_name":"Haveri","state_id":"17"},{"district_id":"255","district_name":"Kodagu","state_id":"17"},{"district_id":"256","district_name":"Kolar","state_id":"17"},{"district_id":"257","district_name":"Koppal","state_id":"17"},{"district_id":"258","district_name":"Mandya","state_id":"17"},{"district_id":"259","district_name":"Mysore","state_id":"17"},{"district_id":"260","district_name":"Raichur","state_id":"17"},{"district_id":"261","district_name":"Shimoga","state_id":"17"},{"district_id":"262","district_name":"Tumkur","state_id":"17"},{"district_id":"263","district_name":"Udupi","state_id":"17"},{"district_id":"264","district_name":"Uttara Kannada","state_id":"17"},{"district_id":"265","district_name":"Ramanagara","state_id":"17"},{"district_id":"266","district_name":"Yadgir","state_id":"17"}]},{"state_id":"18","state_name":"Kerala","districts":[{"district_id":"267","district_name":"Alappuzha","state_id":"18"},{"district_id":"268","district_name":"Ernakulam","state_id":"18"},{"district_id":"269","district_name":"Idukki","state_id":"18"},{"district_id":"270","district_name":"Kannur","state_id":"18"},{"district_id":"271","district_name":"Kasaragod","state_id":"18"},{"district_id":"272","district_name":"Kollam","state_id":"18"},{"district_id":"273","district_name":"Kottayam","state_id":"18"},{"district_id":"274","district_name":"Kozhikode","state_id":"18"},{"district_id":"275","district_name":"Malappuram","state_id":"18"},{"district_id":"276","district_name":"Palakkad","state_id":"18"},{"district_id":"277","district_name":"Pathanamthitta","state_id":"18"},{"district_id":"278","district_name":"Thrissur","state_id":"18"},{"district_id":"279","district_name":"Thiruvananthapuram","state_id":"18"},{"district_id":"280","district_name":"Wayanad","state_id":"18"}]},{"state_id":"19","state_name":"Lakshadweep (UT)","districts":[{"district_id":"281","district_name":"Lakshadweep","state_id":"19"}]},{"state_id":"20","state_name":"Madhya Pradesh","districts":[{"district_id":"282","district_name":"Agar","state_id":"20"},{"district_id":"283","district_name":"Alirajpur","state_id":"20"},{"district_id":"284","district_name":"Anuppur","state_id":"20"},{"district_id":"285","district_name":"Ashok Nagar","state_id":"20"},{"district_id":"286","district_name":"Balaghat","state_id":"20"},{"district_id":"287","district_name":"Barwani","state_id":"20"},{"district_id":"288","district_name":"Betul","state_id":"20"},{"district_id":"289","district_name":"Bhind","state_id":"20"},{"district_id":"290","district_name":"Bhopal","state_id":"20"},{"district_id":"291","district_name":"Burhanpur","state_id":"20"},{"district_id":"292","district_name":"Chhatarpur","state_id":"20"},{"district_id":"293","district_name":"Chhindwara","state_id":"20"},{"district_id":"294","district_name":"Damoh","state_id":"20"},{"district_id":"295","district_name":"Datia","state_id":"20"},{"district_id":"296","district_name":"Dewas","state_id":"20"},{"district_id":"297","district_name":"Dhar","state_id":"20"},{"district_id":"298","district_name":"Dindori","state_id":"20"},{"district_id":"299","district_name":"Guna","state_id":"20"},{"district_id":"300","district_name":"Gwalior","state_id":"20"},{"district_id":"301","district_name":"Harda","state_id":"20"},{"district_id":"302","district_name":"Hoshangabad","state_id":"20"},{"district_id":"303","district_name":"Indore","state_id":"20"},{"district_id":"304","district_name":"Jabalpur","state_id":"20"},{"district_id":"305","district_name":"Jhabua","state_id":"20"},{"district_id":"306","district_name":"Katni","state_id":"20"},{"district_id":"307","district_name":"Khandwa (East Nimar);","state_id":"20"},{"district_id":"308","district_name":"Khargone (West Nimar);","state_id":"20"},{"district_id":"309","district_name":"Mandla","state_id":"20"},{"district_id":"310","district_name":"Mandsaur","state_id":"20"},{"district_id":"311","district_name":"Morena","state_id":"20"},{"district_id":"312","district_name":"Narsinghpur","state_id":"20"},{"district_id":"313","district_name":"Neemuch","state_id":"20"},{"district_id":"314","district_name":"Panna","state_id":"20"},{"district_id":"315","district_name":"Raise","state_id":"20"},{"district_id":"316","district_name":"Rajgarh","state_id":"20"},{"district_id":"317","district_name":"Ratlam","state_id":"20"},{"district_id":"318","district_name":"Rewa","state_id":"20"},{"district_id":"319","district_name":"Sagar","state_id":"20"},{"district_id":"320","district_name":"Satna","state_id":"20"},{"district_id":"321","district_name":"Sehore","state_id":"20"},{"district_id":"322","district_name":"Seoni","state_id":"20"},{"district_id":"323","district_name":"Shahdol","state_id":"20"},{"district_id":"324","district_name":"Shajapur","state_id":"20"},{"district_id":"325","district_name":"Sheopur","state_id":"20"},{"district_id":"326","district_name":"Shivpuri","state_id":"20"},{"district_id":"327","district_name":"Sidhi","state_id":"20"},{"district_id":"328","district_name":"Singrauli","state_id":"20"},{"district_id":"329","district_name":"Tikamgarh","state_id":"20"},{"district_id":"330","district_name":"Ujjai","state_id":"20"},{"district_id":"331","district_name":"Umaria","state_id":"20"},{"district_id":"332","district_name":"Vidisha","state_id":"20"}]},{"state_id":"21","state_name":"Maharashtra","districts":[{"district_id":"333","district_name":"Ahmednagar","state_id":"21"},{"district_id":"334","district_name":"Akola","state_id":"21"},{"district_id":"335","district_name":"Amravati","state_id":"21"},{"district_id":"336","district_name":"Aurangabad","state_id":"21"},{"district_id":"337","district_name":"Beed","state_id":"21"},{"district_id":"338","district_name":"Bhandara","state_id":"21"},{"district_id":"339","district_name":"Buldhana","state_id":"21"},{"district_id":"340","district_name":"Chandrapur","state_id":"21"},{"district_id":"341","district_name":"Dhule","state_id":"21"},{"district_id":"342","district_name":"Gadchiroli","state_id":"21"},{"district_id":"343","district_name":"Gondia","state_id":"21"},{"district_id":"344","district_name":"Hingoli","state_id":"21"},{"district_id":"345","district_name":"Jalgao","state_id":"21"},{"district_id":"346","district_name":"Jalna","state_id":"21"},{"district_id":"347","district_name":"Kolhapur","state_id":"21"},{"district_id":"348","district_name":"Latur","state_id":"21"},{"district_id":"349","district_name":"Mumbai City","state_id":"21"},{"district_id":"350","district_name":"Mumbai suburba","state_id":"21"},{"district_id":"351","district_name":"Nanded","state_id":"21"},{"district_id":"352","district_name":"Nandurbar","state_id":"21"},{"district_id":"353","district_name":"Nagpur","state_id":"21"},{"district_id":"354","district_name":"Nashik","state_id":"21"},{"district_id":"355","district_name":"Osmanabad","state_id":"21"},{"district_id":"356","district_name":"Parbhani","state_id":"21"},{"district_id":"357","district_name":"Pune","state_id":"21"},{"district_id":"358","district_name":"Raigad","state_id":"21"},{"district_id":"359","district_name":"Ratnagiri","state_id":"21"},{"district_id":"360","district_name":"Sangli","state_id":"21"},{"district_id":"361","district_name":"Satara","state_id":"21"},{"district_id":"362","district_name":"Sindhudurg","state_id":"21"},{"district_id":"363","district_name":"Solapur","state_id":"21"},{"district_id":"364","district_name":"Thane","state_id":"21"},{"district_id":"365","district_name":"Wardha","state_id":"21"},{"district_id":"366","district_name":"Washim","state_id":"21"},{"district_id":"367","district_name":"Yavatmal","state_id":"21"}]},{"state_id":"22","state_name":"Manipur","districts":[{"district_id":"368","district_name":"Bishnupur","state_id":"22"},{"district_id":"369","district_name":"Churachandpur","state_id":"22"},{"district_id":"370","district_name":"Chandel","state_id":"22"},{"district_id":"371","district_name":"Imphal East","state_id":"22"},{"district_id":"372","district_name":"Senapati","state_id":"22"},{"district_id":"373","district_name":"Tamenglong","state_id":"22"},{"district_id":"374","district_name":"Thoubal","state_id":"22"},{"district_id":"375","district_name":"Ukhrul","state_id":"22"},{"district_id":"376","district_name":"Imphal West","state_id":"22"}]},{"state_id":"23","state_name":"Meghalaya","districts":[{"district_id":"377","district_name":"East Garo Hills","state_id":"23"},{"district_id":"378","district_name":"East Khasi Hills","state_id":"23"},{"district_id":"379","district_name":"Jaintia Hills","state_id":"23"},{"district_id":"380","district_name":"Ri Bhoi","state_id":"23"},{"district_id":"381","district_name":"South Garo Hills","state_id":"23"},{"district_id":"382","district_name":"West Garo Hills","state_id":"23"},{"district_id":"383","district_name":"West Khasi Hills","state_id":"23"}]},{"state_id":"24","state_name":"Mizoram","districts":[{"district_id":"384","district_name":"Aizawl","state_id":"24"},{"district_id":"385","district_name":"Champhai","state_id":"24"},{"district_id":"386","district_name":"Kolasib","state_id":"24"},{"district_id":"387","district_name":"Lawngtlai","state_id":"24"},{"district_id":"388","district_name":"Lunglei","state_id":"24"},{"district_id":"389","district_name":"Mamit","state_id":"24"},{"district_id":"390","district_name":"Saiha","state_id":"24"},{"district_id":"391","district_name":"Serchhip","state_id":"24"}]},{"state_id":"25","state_name":"Nagaland","districts":[{"district_id":"392","district_name":"Dimapur","state_id":"25"},{"district_id":"393","district_name":"Kiphire","state_id":"25"},{"district_id":"394","district_name":"Kohima","state_id":"25"},{"district_id":"395","district_name":"Longleng","state_id":"25"},{"district_id":"396","district_name":"Mokokchung","state_id":"25"},{"district_id":"397","district_name":"Mo","state_id":"25"},{"district_id":"398","district_name":"Pere","state_id":"25"},{"district_id":"399","district_name":"Phek","state_id":"25"},{"district_id":"400","district_name":"Tuensang","state_id":"25"},{"district_id":"401","district_name":"Wokha","state_id":"25"},{"district_id":"402","district_name":"Zunheboto","state_id":"25"}]},{"state_id":"26","state_name":"Odisha","districts":[{"district_id":"403","district_name":"Angul","state_id":"26"},{"district_id":"404","district_name":"Boudh (Bauda);","state_id":"26"},{"district_id":"405","district_name":"Bhadrak","state_id":"26"},{"district_id":"406","district_name":"Balangir","state_id":"26"},{"district_id":"407","district_name":"Bargarh (Baragarh);","state_id":"26"},{"district_id":"408","district_name":"Balasore","state_id":"26"},{"district_id":"409","district_name":"Cuttack","state_id":"26"},{"district_id":"410","district_name":"Debagarh (Deogarh);","state_id":"26"},{"district_id":"411","district_name":"Dhenkanal","state_id":"26"},{"district_id":"412","district_name":"Ganjam","state_id":"26"},{"district_id":"413","district_name":"Gajapati","state_id":"26"},{"district_id":"414","district_name":"Jharsuguda","state_id":"26"},{"district_id":"415","district_name":"Jajpur","state_id":"26"},{"district_id":"416","district_name":"Jagatsinghpur","state_id":"26"},{"district_id":"417","district_name":"Khordha","state_id":"26"},{"district_id":"418","district_name":"Kendujhar (Keonjhar);","state_id":"26"},{"district_id":"419","district_name":"Kalahandi","state_id":"26"},{"district_id":"420","district_name":"Kandhamal","state_id":"26"},{"district_id":"421","district_name":"Koraput","state_id":"26"},{"district_id":"422","district_name":"Kendrapara","state_id":"26"},{"district_id":"423","district_name":"Malkangiri","state_id":"26"},{"district_id":"424","district_name":"Mayurbhanj","state_id":"26"},{"district_id":"425","district_name":"Nabarangpur","state_id":"26"},{"district_id":"426","district_name":"Nuapada","state_id":"26"},{"district_id":"427","district_name":"Nayagarh","state_id":"26"},{"district_id":"428","district_name":"Puri","state_id":"26"},{"district_id":"429","district_name":"Rayagada","state_id":"26"},{"district_id":"430","district_name":"Sambalpur","state_id":"26"},{"district_id":"431","district_name":"Subarnapur (Sonepur);","state_id":"26"},{"district_id":"432","district_name":"Sundergarh","state_id":"26"}]},{"state_id":"27","state_name":"Puducherry (UT)","districts":[{"district_id":"433","district_name":"Karaikal","state_id":"27"},{"district_id":"434","district_name":"Mahe","state_id":"27"},{"district_id":"435","district_name":"Pondicherry","state_id":"27"},{"district_id":"436","district_name":"Yanam","state_id":"27"}]},{"state_id":"28","state_name":"Punjab","districts":[{"district_id":"437","district_name":"Amritsar","state_id":"28"},{"district_id":"438","district_name":"Barnala","state_id":"28"},{"district_id":"439","district_name":"Bathinda","state_id":"28"},{"district_id":"440","district_name":"Firozpur","state_id":"28"},{"district_id":"441","district_name":"Faridkot","state_id":"28"},{"district_id":"442","district_name":"Fatehgarh Sahib","state_id":"28"},{"district_id":"443","district_name":"Fazilka","state_id":"28"},{"district_id":"444","district_name":"Gurdaspur","state_id":"28"},{"district_id":"445","district_name":"Hoshiarpur","state_id":"28"},{"district_id":"446","district_name":"Jalandhar","state_id":"28"},{"district_id":"447","district_name":"Kapurthala","state_id":"28"},{"district_id":"448","district_name":"Ludhiana","state_id":"28"},{"district_id":"449","district_name":"Mansa","state_id":"28"},{"district_id":"450","district_name":"Moga","state_id":"28"},{"district_id":"451","district_name":"Sri Muktsar Sahib","state_id":"28"},{"district_id":"452","district_name":"Pathankot","state_id":"28"},{"district_id":"453","district_name":"Patiala","state_id":"28"},{"district_id":"454","district_name":"Rupnagar","state_id":"28"},{"district_id":"455","district_name":"Ajitgarh (Mohali);","state_id":"28"},{"district_id":"456","district_name":"Sangrur","state_id":"28"},{"district_id":"457","district_name":"Shahid Bhagat Singh Nagar","state_id":"28"},{"district_id":"458","district_name":"Tarn Tara","state_id":"28"}]},{"state_id":"29","state_name":"Rajastha","districts":[{"district_id":"459","district_name":"Ajmer","state_id":"29"},{"district_id":"460","district_name":"Alwar","state_id":"29"},{"district_id":"461","district_name":"Bikaner","state_id":"29"},{"district_id":"462","district_name":"Barmer","state_id":"29"},{"district_id":"463","district_name":"Banswara","state_id":"29"},{"district_id":"464","district_name":"Bharatpur","state_id":"29"},{"district_id":"465","district_name":"Bara","state_id":"29"},{"district_id":"466","district_name":"Bundi","state_id":"29"},{"district_id":"467","district_name":"Bhilwara","state_id":"29"},{"district_id":"468","district_name":"Churu","state_id":"29"},{"district_id":"469","district_name":"Chittorgarh","state_id":"29"},{"district_id":"470","district_name":"Dausa","state_id":"29"},{"district_id":"471","district_name":"Dholpur","state_id":"29"},{"district_id":"472","district_name":"Dungapur","state_id":"29"},{"district_id":"473","district_name":"Ganganagar","state_id":"29"},{"district_id":"474","district_name":"Hanumangarh","state_id":"29"},{"district_id":"475","district_name":"Jhunjhunu","state_id":"29"},{"district_id":"476","district_name":"Jalore","state_id":"29"},{"district_id":"477","district_name":"Jodhpur","state_id":"29"},{"district_id":"478","district_name":"Jaipur","state_id":"29"},{"district_id":"479","district_name":"Jaisalmer","state_id":"29"},{"district_id":"480","district_name":"Jhalawar","state_id":"29"},{"district_id":"481","district_name":"Karauli","state_id":"29"},{"district_id":"482","district_name":"Kota","state_id":"29"},{"district_id":"483","district_name":"Nagaur","state_id":"29"},{"district_id":"484","district_name":"Pali","state_id":"29"},{"district_id":"485","district_name":"Pratapgarh","state_id":"29"},{"district_id":"486","district_name":"Rajsamand","state_id":"29"},{"district_id":"487","district_name":"Sikar","state_id":"29"},{"district_id":"488","district_name":"Sawai Madhopur","state_id":"29"},{"district_id":"489","district_name":"Sirohi","state_id":"29"},{"district_id":"490","district_name":"Tonk","state_id":"29"},{"district_id":"491","district_name":"Udaipur","state_id":"29"}]},{"state_id":"30","state_name":"Sikkim","districts":[{"district_id":"492","district_name":"East Sikkim","state_id":"30"},{"district_id":"493","district_name":"North Sikkim","state_id":"30"},{"district_id":"494","district_name":"South Sikkim","state_id":"30"},{"district_id":"495","district_name":"West Sikkim","state_id":"30"}]},{"state_id":"31","state_name":"Tamil Nadu","districts":[{"district_id":"496","district_name":"Ariyalur","state_id":"31"},{"district_id":"497","district_name":"Chennai","state_id":"31"},{"district_id":"498","district_name":"Coimbatore","state_id":"31"},{"district_id":"499","district_name":"Cuddalore","state_id":"31"},{"district_id":"500","district_name":"Dharmapuri","state_id":"31"},{"district_id":"501","district_name":"Dindigul","state_id":"31"},{"district_id":"502","district_name":"Erode","state_id":"31"},{"district_id":"503","district_name":"Kanchipuram","state_id":"31"},{"district_id":"504","district_name":"Kanyakumari","state_id":"31"},{"district_id":"505","district_name":"Karur","state_id":"31"},{"district_id":"506","district_name":"Krishnagiri","state_id":"31"},{"district_id":"507","district_name":"Madurai","state_id":"31"},{"district_id":"508","district_name":"Nagapattinam","state_id":"31"},{"district_id":"509","district_name":"Nilgiris","state_id":"31"},{"district_id":"510","district_name":"Namakkal","state_id":"31"},{"district_id":"511","district_name":"Perambalur","state_id":"31"},{"district_id":"512","district_name":"Pudukkottai","state_id":"31"},{"district_id":"513","district_name":"Ramanathapuram","state_id":"31"},{"district_id":"514","district_name":"Salem","state_id":"31"},{"district_id":"515","district_name":"Sivaganga","state_id":"31"},{"district_id":"516","district_name":"Tirupur","state_id":"31"},{"district_id":"517","district_name":"Tiruchirappalli","state_id":"31"},{"district_id":"518","district_name":"Theni","state_id":"31"},{"district_id":"519","district_name":"Tirunelveli","state_id":"31"},{"district_id":"520","district_name":"Thanjavur","state_id":"31"},{"district_id":"521","district_name":"Thoothukudi","state_id":"31"},{"district_id":"522","district_name":"Tiruvallur","state_id":"31"},{"district_id":"523","district_name":"Tiruvarur","state_id":"31"},{"district_id":"524","district_name":"Tiruvannamalai","state_id":"31"},{"district_id":"525","district_name":"Vellore","state_id":"31"},{"district_id":"526","district_name":"Viluppuram","state_id":"31"},{"district_id":"527","district_name":"Virudhunagar","state_id":"31"}]},{"state_id":"32","state_name":"Telangana","districts":[{"district_id":"528","district_name":"Adilabad","state_id":"32"},{"district_id":"529","district_name":"Adilabad","state_id":"32"},{"district_id":"530","district_name":"Bhadradri Kothagudem","state_id":"32"},{"district_id":"531","district_name":"Hyderabad","state_id":"32"},{"district_id":"532","district_name":"Jagtial","state_id":"32"},{"district_id":"533","district_name":"Jangaon","state_id":"32"},{"district_id":"534","district_name":"Jayashankar Bhupalpally","state_id":"32"},{"district_id":"535","district_name":"Jogulamba Gadwal","state_id":"32"},{"district_id":"536","district_name":"Kamareddy","state_id":"32"},{"district_id":"537","district_name":"Karimnagar","state_id":"32"},{"district_id":"538","district_name":"Khammam","state_id":"32"},{"district_id":"539","district_name":"Kumuram Bheem","state_id":"32"},{"district_id":"540","district_name":"Mahabubabad","state_id":"32"},{"district_id":"541","district_name":"Mahabubnagar","state_id":"32"},{"district_id":"542","district_name":"Mancherial","state_id":"32"},{"district_id":"543","district_name":"Medak","state_id":"32"},{"district_id":"544","district_name":"Medchal","state_id":"32"},{"district_id":"545","district_name":"Nagarkurnool","state_id":"32"},{"district_id":"546","district_name":"Nalgonda","state_id":"32"},{"district_id":"547","district_name":"Nirmal","state_id":"32"},{"district_id":"548","district_name":"Nizamabad","state_id":"32"},{"district_id":"549","district_name":"Peddapalli","state_id":"32"},{"district_id":"550","district_name":"Rajanna Sircilla","state_id":"32"},{"district_id":"551","district_name":"Rangareddy","state_id":"32"},{"district_id":"552","district_name":"Sangareddy","state_id":"32"},{"district_id":"553","district_name":"Siddipet","state_id":"32"},{"district_id":"554","district_name":"Suryapet","state_id":"32"},{"district_id":"555","district_name":"Vikarabad","state_id":"32"},{"district_id":"556","district_name":"Wanaparthy","state_id":"32"},{"district_id":"557","district_name":"Warangal (Rural)","state_id":"32"},{"district_id":"558","district_name":"Warangal (Urban)","state_id":"32"},{"district_id":"559","district_name":"Yadadri Bhuvanagiri","state_id":"32"}]},{"state_id":"33","state_name":"Tripura","districts":[{"district_id":"560","district_name":"Dhalai","state_id":"33"},{"district_id":"561","district_name":"North Tripura","state_id":"33"},{"district_id":"562","district_name":"South Tripura","state_id":"33"},{"district_id":"563","district_name":"Khowai","state_id":"33"},{"district_id":"564","district_name":"West Tripura","state_id":"33"}]},{"state_id":"34","state_name":"Uttarakhand","districts":[{"district_id":"640","district_name":"Almora","state_id":"34"},{"district_id":"641","district_name":"Bageshwar","state_id":"34"},{"district_id":"642","district_name":"Chamoli","state_id":"34"},{"district_id":"643","district_name":"Champawat","state_id":"34"},{"district_id":"644","district_name":"Dehradu","state_id":"34"},{"district_id":"645","district_name":"Haridwar","state_id":"34"},{"district_id":"646","district_name":"Nainital","state_id":"34"},{"district_id":"647","district_name":"Pauri Garhwal","state_id":"34"},{"district_id":"648","district_name":"Pithoragarh","state_id":"34"},{"district_id":"649","district_name":"Rudraprayag","state_id":"34"},{"district_id":"650","district_name":"Tehri Garhwal","state_id":"34"},{"district_id":"651","district_name":"Udham Singh Nagar","state_id":"34"},{"district_id":"652","district_name":"Uttarkashi","state_id":"34"}]},{"state_id":"35","state_name":"Uttar Pradesh","districts":[{"district_id":"565","district_name":"Agra","state_id":"35"},{"district_id":"566","district_name":"Aligarh","state_id":"35"},{"district_id":"567","district_name":"Allahabad","state_id":"35"},{"district_id":"568","district_name":"Ambedkar Nagar","state_id":"35"},{"district_id":"569","district_name":"Auraiya","state_id":"35"},{"district_id":"570","district_name":"Azamgarh","state_id":"35"},{"district_id":"571","district_name":"Bagpat","state_id":"35"},{"district_id":"572","district_name":"Bahraich","state_id":"35"},{"district_id":"573","district_name":"Ballia","state_id":"35"},{"district_id":"574","district_name":"Balrampur","state_id":"35"},{"district_id":"575","district_name":"Banda","state_id":"35"},{"district_id":"576","district_name":"Barabanki","state_id":"35"},{"district_id":"577","district_name":"Bareilly","state_id":"35"},{"district_id":"578","district_name":"Basti","state_id":"35"},{"district_id":"579","district_name":"Bijnor","state_id":"35"},{"district_id":"580","district_name":"Budau","state_id":"35"},{"district_id":"581","district_name":"Bulandshahr","state_id":"35"},{"district_id":"582","district_name":"Chandauli","state_id":"35"},{"district_id":"583","district_name":"Amethi (Chhatrapati Shahuji Maharaj Nagar)","state_id":"35"},{"district_id":"584","district_name":"Chitrakoot","state_id":"35"},{"district_id":"585","district_name":"Deoria","state_id":"35"},{"district_id":"586","district_name":"Etah","state_id":"35"},{"district_id":"587","district_name":"Etawah","state_id":"35"},{"district_id":"588","district_name":"Faizabad","state_id":"35"},{"district_id":"589","district_name":"Farrukhabad","state_id":"35"},{"district_id":"590","district_name":"Fatehpur","state_id":"35"},{"district_id":"591","district_name":"Firozabad","state_id":"35"},{"district_id":"592","district_name":"Gautam Buddh Nagar","state_id":"35"},{"district_id":"593","district_name":"Ghaziabad","state_id":"35"},{"district_id":"594","district_name":"Ghazipur","state_id":"35"},{"district_id":"595","district_name":"Gonda","state_id":"35"},{"district_id":"596","district_name":"Gorakhpur","state_id":"35"},{"district_id":"597","district_name":"Hamirpur","state_id":"35"},{"district_id":"598","district_name":"Hardoi","state_id":"35"},{"district_id":"599","district_name":"Hathras (Mahamaya Nagar);","state_id":"35"},{"district_id":"600","district_name":"Jalau","state_id":"35"},{"district_id":"601","district_name":"Jaunpur","state_id":"35"},{"district_id":"602","district_name":"Jhansi","state_id":"35"},{"district_id":"603","district_name":"Jyotiba Phule Nagar","state_id":"35"},{"district_id":"604","district_name":"Kannauj","state_id":"35"},{"district_id":"605","district_name":"Kanpur Dehat (Ramabai Nagar);","state_id":"35"},{"district_id":"606","district_name":"Kanpur Nagar","state_id":"35"},{"district_id":"607","district_name":"Kanshi Ram Nagar","state_id":"35"},{"district_id":"608","district_name":"Kaushambi","state_id":"35"},{"district_id":"609","district_name":"Kushinagar","state_id":"35"},{"district_id":"610","district_name":"Lakhimpur Kheri","state_id":"35"},{"district_id":"611","district_name":"Lalitpur","state_id":"35"},{"district_id":"612","district_name":"Lucknow","state_id":"35"},{"district_id":"613","district_name":"Maharajganj","state_id":"35"},{"district_id":"614","district_name":"Mahoba","state_id":"35"},{"district_id":"615","district_name":"Mainpuri","state_id":"35"},{"district_id":"616","district_name":"Mathura","state_id":"35"},{"district_id":"617","district_name":"Mau","state_id":"35"},{"district_id":"618","district_name":"Meerut","state_id":"35"},{"district_id":"619","district_name":"Mirzapur","state_id":"35"},{"district_id":"620","district_name":"Moradabad","state_id":"35"},{"district_id":"621","district_name":"Muzaffarnagar","state_id":"35"},{"district_id":"622","district_name":"Panchsheel Nagar (Hapur);","state_id":"35"},{"district_id":"623","district_name":"Pilibhit","state_id":"35"},{"district_id":"624","district_name":"Pratapgarh","state_id":"35"},{"district_id":"625","district_name":"Raebareli","state_id":"35"},{"district_id":"626","district_name":"Rampur","state_id":"35"},{"district_id":"627","district_name":"Saharanpur","state_id":"35"},{"district_id":"628","district_name":"Sambhal(Bheem Nagar);","state_id":"35"},{"district_id":"629","district_name":"Sant Kabir Nagar","state_id":"35"},{"district_id":"630","district_name":"Sant Ravidas Nagar","state_id":"35"},{"district_id":"631","district_name":"Shahjahanpur","state_id":"35"},{"district_id":"632","district_name":"Shamli","state_id":"35"},{"district_id":"633","district_name":"Shravasti","state_id":"35"},{"district_id":"634","district_name":"Siddharthnagar","state_id":"35"},{"district_id":"635","district_name":"Sitapur","state_id":"35"},{"district_id":"636","district_name":"Sonbhadra","state_id":"35"},{"district_id":"637","district_name":"Sultanpur","state_id":"35"},{"district_id":"638","district_name":"Unnao","state_id":"35"},{"district_id":"639","district_name":"Varanasi","state_id":"35"}]},{"state_id":"36","state_name":"West Bengal","districts":[{"district_id":"653","district_name":"Bankura","state_id":"36"},{"district_id":"654","district_name":"Bardhama","state_id":"36"},{"district_id":"655","district_name":"Birbhum","state_id":"36"},{"district_id":"656","district_name":"Cooch Behar","state_id":"36"},{"district_id":"657","district_name":"Dakshin Dinajpur","state_id":"36"},{"district_id":"658","district_name":"Darjeeling","state_id":"36"},{"district_id":"659","district_name":"Hooghly","state_id":"36"},{"district_id":"660","district_name":"Howrah","state_id":"36"},{"district_id":"661","district_name":"Jalpaiguri","state_id":"36"},{"district_id":"662","district_name":"Kolkata","state_id":"36"},{"district_id":"663","district_name":"Maldah","state_id":"36"},{"district_id":"664","district_name":"Murshidabad","state_id":"36"},{"district_id":"665","district_name":"Nadia","state_id":"36"},{"district_id":"666","district_name":"North 24 Parganas","state_id":"36"},{"district_id":"667","district_name":"Paschim Medinipur","state_id":"36"},{"district_id":"668","district_name":"Purba Medinipur","state_id":"36"},{"district_id":"669","district_name":"Purulia","state_id":"36"},{"district_id":"670","district_name":"South 24 Parganas","state_id":"36"},{"district_id":"671","district_name":"Uttar Dinajpur","state_id":"36"}]}]}